{
  "project_info": {
    "project_number": "760362536666",
    "firebase_url": "https://proyectoappmoviles-f5604.firebaseio.com",
    "project_id": "proyectoappmoviles-f5604",
    "storage_bucket": "proyectoappmoviles-f5604.appspot.com"
  },
  "client": [
    {
      "client_info": {
        "mobilesdk_app_id": "1:760362536666:android:eea08145c38f2212",
        "android_client_info": {
          "package_name": "appmoviles.com.appsmoviles20191"
        }
      },
      "oauth_client": [
        {
          "client_id": "760362536666-ilo8vbdek1imn8mmgsnlag336kvgf8tc.apps.googleusercontent.com",
          "client_type": 1,
          "android_info": {
            "package_name": "appmoviles.com.appsmoviles20191",
            "certificate_hash": "b84cd44e6d8d2734c939d420190253d0d18a05fe"
          }
        },
        {
          "client_id": "760362536666-c3opbbvth9d930b8spshr1eik0d9t647.apps.googleusercontent.com",
          "client_type": 3
        }
      ],
      "api_key": [
        {
          "current_key": "AIzaSyBGI_hh_qegjWknKiuC7uT-AlMhJCGyV5w"
        }
      ],
      "services": {
        "appinvite_service": {
          "other_platform_oauth_client": [
            {
              "client_id": "760362536666-c3opbbvth9d930b8spshr1eik0d9t647.apps.googleusercontent.com",
              "client_type": 3
            }
          ]
        }
      }
    },
    {
      "client_info": {
        "mobilesdk_app_id": "1:760362536666:android:ae602b7200e9305a",
        "android_client_info": {
          "package_name": "com.app.icesi.proyectoappsmoviles"
        }
      },
      "oauth_client": [
        {
          "client_id": "760362536666-d5id6cfp7plctua2qpqomb18ehsfb2v6.apps.googleusercontent.com",
          "client_type": 1,
          "android_info": {
            "package_name": "com.app.icesi.proyectoappsmoviles",
            "certificate_hash": "2503cacadf2cc5bc4cc6ca536dd3510ec031604d"
          }
        },
        {
          "client_id": "760362536666-1psgv4mub1cjol56tff59g03839pq5ac.apps.googleusercontent.com",
          "client_type": 1,
          "android_info": {
            "package_name": "com.app.icesi.proyectoappsmoviles",
            "certificate_hash": "154461e6373eb29ed49e4b5e73f17754a4ed1601"
          }
        },
        {
          "client_id": "760362536666-l2b6nr5hchkuiopkenff3b1b0fib2tqk.apps.googleusercontent.com",
          "client_type": 1,
          "android_info": {
            "package_name": "com.app.icesi.proyectoappsmoviles",
            "certificate_hash": "53afc81c0fc29c8abd12b83b3b85ed7a7cc0f252"
          }
        },
        {
          "client_id": "760362536666-lne832m3r0h6570tcqvavhhal3hgo2s9.apps.googleusercontent.com",
          "client_type": 1,
          "android_info": {
            "package_name": "com.app.icesi.proyectoappsmoviles",
            "certificate_hash": "b16a0163e1a23c1279cc9afb32698b52e791601d"
          }
        },
        {
          "client_id": "760362536666-jchu4nsa4eij6rj3l1qum6mp6p87dnko.apps.googleusercontent.com",
          "client_type": 1,
          "android_info": {
            "package_name": "com.app.icesi.proyectoappsmoviles",
            "certificate_hash": "8c087399ec9ffa1863cdcd842aefbfaf1d6f34fe"
          }
        },
        {
          "client_id": "760362536666-c3opbbvth9d930b8spshr1eik0d9t647.apps.googleusercontent.com",
          "client_type": 3
        }
      ],
      "api_key": [
        {
          "current_key": "AIzaSyBGI_hh_qegjWknKiuC7uT-AlMhJCGyV5w"
        }
      ],
      "services": {
        "appinvite_service": {
          "other_platform_oauth_client": [
            {
              "client_id": "760362536666-c3opbbvth9d930b8spshr1eik0d9t647.apps.googleusercontent.com",
              "client_type": 3
            }
          ]
        }
      }
    },
    {
      "client_info": {
        "mobilesdk_app_id": "1:760362536666:android:eaa0d572786a601f",
        "android_client_info": {
          "package_name": "com.appmoviles.appmoviles20191"
        }
      },
      "oauth_client": [
        {
          "client_id": "760362536666-saalka375fft5vjicb966i18u7t5l64g.apps.googleusercontent.com",
          "client_type": 1,
          "android_info": {
            "package_name": "com.appmoviles.appmoviles20191",
            "certificate_hash": "b84cd44e6d8d2734c939d420190253d0d18a05fe"
          }
        },
        {
          "client_id": "760362536666-c3opbbvth9d930b8spshr1eik0d9t647.apps.googleusercontent.com",
          "client_type": 3
        }
      ],
      "api_key": [
        {
          "current_key": "AIzaSyBGI_hh_qegjWknKiuC7uT-AlMhJCGyV5w"
        }
      ],
      "services": {
        "appinvite_service": {
          "other_platform_oauth_client": [
            {
              "client_id": "760362536666-c3opbbvth9d930b8spshr1eik0d9t647.apps.googleusercontent.com",
              "client_type": 3
            }
          ]
        }
      }
    }
  ],
  "configuration_version": "1"
}